Front,Back
Summary,"The text discusses effective learning strategies and approaches to entrepreneurship, as follows:

### Learning Methods:
- **Active Learning Techniques:**
  - Summarize concepts in one's own words.
  - Teach others to reinforce knowledge.
  - Apply learned concepts to real-life situations.
  - Incorporate practice, feedback, and reading.
  - Use the Pomodoro technique for manageable study sessions.

### Entrepreneurship:
- **Starting Small Ventures:**
  - Focus on initiatives similar to Software as a Service (SaaS), such as digitization of notes into tools like flashcards.
  - Conduct market research to understand needs.
  - Test ideas and seek feedback for solutions.
  - Identify and target groups with specific problems.

### Skill Development in Software Creation:
- Understand the target market.
- Develop customer relations.
- Focus on scaling services."
